Year,Disaster Subgroup,Disaster Type,Disaster Subtype,Location,Origin,Dis Mag Value,Dis Mag Scale,Start Year,Start Month,Start Day,End Year,End Month,End Day,Total Deaths,No Injured,No Affected,Total Affected,CPI,Adm Level,Geo Locations
2000,Hydrological,Flood,Flash flood,"Bakalia, Kotwali, Chandgaon, Pahartali, Hathazari, Halishahar, Patiya, Satkania areas (Chittagong district, Chittagong province), Cox's Bazar district (Chittagong province)",Monsoonal rain,17000.0,Km2,2000,6.0,24.0,2000,6.0,24.0,11.0,50.0,200000.0,200050.0,58.8406484917497,2,"Chittagong, Cox's Bazar (Adm2)."
2000,Meteorological,Storm,,"Dhaka, Mymensingh, Tangail, Kishoreganj districts (Dhaka province), Chittagong, Cox's Bazar, Comilla, Chandpur districts (Chittagong province)",notgiven,70.0,Kph,2000,5.0,27.0,2000,6.0,19.0,36.0,notgiven,70000.0,71000.0,58.8406484917497,2,"Chandpur, Chittagong, Comilla, Cox's Bazar, Dhaka, Kishoreganj, Mymensingh, Tangail (Adm2)."
2000,Meteorological,Storm,Convective storm,Natore district (Rajshahi province),notgiven,notgiven,Kph,2000,3.0,5.0,2000,3.0,5.0,notgiven,50.0,notgiven,3050.0,58.8406484917497,2,Natore (Adm2).
2000,Meteorological,Storm,Convective storm,"Ullahpara area (Sirajganj district, Rajshahi province), Gaurnadi area (Barisal district, Barisal province)",notgiven,notgiven,Kph,2000,6.0,25.0,2000,6.0,25.0,notgiven,37.0,2500.0,2537.0,58.8406484917497,2,"Barisal, Sirajganj (Adm2)."
2000,Geophysical,Earthquake,Ground movement,"Maheshkhali area (Cox's Bazar district, Chittagong province)",notgiven,4.0,Richter,2000,1.0,2.0,2000,1.0,2.0,notgiven,notgiven,1000.0,1000.0,58.8406484917497,2,Cox's Bazar (Adm2).
2000,Hydrological,Flood,Coastal flood,"Hutiya, Companiganj areas (Noakhali district, Chittagong province), Maheskhali area (Cox's Bazar district, Chittagong province), Sandwip area (Chittagong district, Chittagong province)",notgiven,notgiven,Km2,2000,8.0,30.0,2000,8.0,30.0,1.0,10.0,notgiven,12010.0,58.8406484917497,2,"Chittagong, Cox's Bazar, Noakhali (Adm2)."
2000,Hydrological,Flood,Flash flood,"Gangni, Meherpur Sadar areas (Meherpur district, Khulna province), Daulatpur, Kushtia Sadar, Bheramara areas (Kushtia district, Khulna province), Jibannagar, Alamdanga, Cuadanda Sadar, Damurhuda areas (Chuadanga district, Khulna province), Maheshpur, Kotchandpur areas (Jhenaidah district, Khulna province), Paba, Godagari, Tanor, Mohanpur areas (Rajshahi district, Rajshahi province)",notgiven,162.0,Km2,2000,9.0,notgiven,2000,10.0,,31.0,notgiven,2467138.0,2467138.0,58.8406484917497,2,"Chuadanga, Jhenaidah, Kushtia, Meherpur, Rajshahi (Adm2)."
2000,Meteorological,Storm,Tropical cyclone,"Alpara, Netrokona Sadar, Kendua, Purbadhala areas (Netrakona district, Dhaka province), Rangpur district (Rangpur province)",notgiven,120.0,Kph,2000,4.0,21.0,2000,4.0,21.0,20.0,300.0,notgiven,62800.0,58.8406484917497,2,"Netrakona, Rangpur (Adm2)."
2000,Meteorological,Storm,Tropical cyclone,"Maulvibazar district (Sylhet province), Netrakona district (Dhaka province)",notgiven,80.0,Kph,2000,4.0,11.0,2000,4.0,11.0,notgiven,12.0,notgiven,7012.0,58.8406484917497,2,"Maulvibazar, Netrakona (Adm2)."
2000,Meteorological,Storm,Tropical cyclone,"Barisal, Barguna, Jhalokati, Bhola, Pirojpur districts (Barisal province), Khulna district (Khulna province), Noakhali, Lakshmipur, Cox's Bazar, Chandpur districts (Chittagong province), Dhaka, Mymensingh, Shariatpur districts (Dhaka province)",notgiven,100.0,Kph,2000,10.0,28.0,2000,10.0,28.0,15.0,200.0,notgiven,200.0,58.8406484917497,2,"Barguna, Barisal, Bhola, Chandpur, Cox's Bazar, Dhaka, Jhalokati, Khulna, Lakshmipur, Mymensingh, Noakhali, Pirojpur, Shariatpur (Adm2)."
2000,Meteorological,Extreme temperature,Cold wave,"Barisal, Chittagong, Dhaka, Khulna, Rajshahi, Rangpur, Sylhet provinces",notgiven,6.0,°C,2000,1.0,notgiven,2000,1.0,,49.0,notgiven,notgiven,notgiven,58.8406484917497,1,"Barisal, Chittagong, Dhaka, Khulna, Rajshahi, Rangpur, Sylhet (Adm1)."
2000,Biological,Epidemic,Viral disease,"Dhaka, Chittagong, Rajshahi",notgiven,notgiven,Vaccinated,2000,7.0,notgiven,2000,7.0,,21.0,notgiven,522.0,522.0,58.8406484917497,,
2000,Biological,Epidemic,,Barisal,notgiven,notgiven,Vaccinated,2000,3.0,notgiven,2000,3.0,,notgiven,notgiven,3352.0,3352.0,58.8406484917497,,
2000,Meteorological,Storm,,Chittagong province,notgiven,notgiven,Kph,2000,5.0,23.0,2000,5.0,23.0,28.0,notgiven,notgiven,notgiven,58.8406484917497,1,Chittagong (Adm1).
2000,Biological,Epidemic,,Southwestern districts,notgiven,notgiven,Vaccinated,2000,10.0,notgiven,2000,10.0,,10.0,notgiven,22340.0,22340.0,58.8406484917497,,
2001,Meteorological,Storm,Convective storm,"Lalmonirhat, Nilphamari, Gaibandha, Rangpur districts (Rangpur province)",notgiven,150.0,Kph,2001,10.0,5.0,2001,10.0,5.0,12.0,450.0,25000.0,25450.0,60.5035788853056,2,"Gaibandha, Lalmonirhat, Nilphamari, Rangpur (Adm2)."
2001,Hydrological,Flood,Riverine flood,"Nilphamari district (Rangpur province), Brahamanbaria district (Chittagong province), Sylhet province",notgiven,notgiven,Km2,2001,6.0,5.0,2001,6.0,5.0,9.0,notgiven,500000.0,500000.0,60.5035788853056,1;2,"Sylhet (Adm1). Brahamanbaria, Nilphamari (Adm2)."
2001,Meteorological,Storm,Tropical cyclone,"Mymensingh, Netrakona, Tangail, Gopalganj districts (Dhaka province), Naogaon district (Rajshahi province), Maulvibazar district (Sylhet province), Chuadanga, Jhenaidah, Meherpur districts (Khulna province), Gaibandha district (Rangpur province), Patuakhali district (Barisal province), Noakhali district (Chittagong province)",notgiven,100.0,Kph,2001,5.0,11.0,2001,5.0,11.0,12.0,200.0,notgiven,200.0,60.5035788853056,2,"Chuadanga, Gaibandha, Gopalganj, Jhenaidah, Maulvibazar, Meherpur, Mymensingh, Naogaon, Netrakona, Noakhali, Patuakhali, Tangail (Adm2)."
2001,Meteorological,Storm,Tropical cyclone,"Patuakhali district (Barisal province), Satkhira district (Khulna province)",notgiven,notgiven,Kph,2001,4.0,1.0,2001,4.0,1.0,193.0,2000.0,500.0,2500.0,60.5035788853056,2,"Patuakhali, Satkhira (Adm2)."
2001,Meteorological,Extreme temperature,Cold wave,"Panchagarh, Thakurgaon, Dinajpur, Nilphamari districts (Rangpur province), Satkhira, Jessore districts (Khulna province), Sylhet, Sunamganj districts (Sylhet province)",notgiven,7.0,°C,2001,12.0,notgiven,2001,12.0,,6.0,2000.0,notgiven,2000.0,60.5035788853056,2,"Dinajpur, Jessore, Nilphamari, Panchagarh, Satkhira, Sunamganj, Sylhet, Thakurgaon (Adm2)."
2001,Meteorological,Storm,,"Sirajganj, Pabna districts (Rajshahi province), Sylhet district (Sylhet province)",notgiven,80.0,Kph,2001,4.0,28.0,2001,4.0,28.0,21.0,100.0,500.0,600.0,60.5035788853056,2,"Pabna, Sirajganj, Sylhet (Adm2)."
2001,Hydrological,Flood,,"Sunamganj, Sylhet districts (Sylhet province), Nawabganj, Rajshahi districts (Rajshahi province), Kushtia district (Khulna province)",notgiven,notgiven,Km2,2001,8.0,31.0,2001,8.0,31.0,notgiven,notgiven,200000.0,200000.0,60.5035788853056,2,"Kushtia, Nawabganj, Rajshahi, Sunamganj, Sylhet (Adm2)."
2002,Hydrological,Flood,Flash flood,"Mymensingh, Netrakona, Sherpur districts (Dhaka province), Sunamganj district (Sylhet province), Rangpur, Nilphamari, Kurigram, Gaibandha districts (Rangpur province), Noakhali, Lakshmipur, Cox's Bazar districts (Chittagong province), Jessore, Satkhira districts (Khulna province), Barguna, Bhola, Barisal, Patuakhali districts (Barisal province), Rajshahi province",notgiven,1000.0,Km2,2002,7.0,notgiven,2002,8.0,,10.0,notgiven,1500000.0,1500000.0,61.4631882611914,1;2,"Rajshahi (Adm1). Barguna, Barisal, Bhola, Cox's Bazar, Gaibandha, Jessore, Kurigram, Lakshmipur, Mymensingh, Netrakona, Nilphamari, Noakhali, Patuakhali, Rangpur, Satkhira, Sherpur, Sunamganj (Adm2)."
2002,Meteorological,Storm,Tropical cyclone,"Gaibandha, Lalmonirhat, Nilphamari, Rangpur, Kurigram districts (Rangpur province), Bogra, Sirajganj districts (Rajshahi province), Netrakona, Kishoreganj districts (Dhaka province)",notgiven,notgiven,Kph,2002,4.0,22.0,2002,4.0,22.0,31.0,400.0,100000.0,100400.0,61.4631882611914,2,"Bogra, Gaibandha, Kishoreganj, Kurigram, Lalmonirhat, Netrakona, Nilphamari, Rangpur, Sirajganj (Adm2)."
2002,Meteorological,Storm,Tropical cyclone,Barguna district (Barisal province),notgiven,85.0,Kph,2002,11.0,14.0,2002,11.0,14.0,49.0,notgiven,notgiven,notgiven,61.4631882611914,2,Barguna (Adm2).
2002,Meteorological,Extreme temperature,Cold wave,"Rajshahi, Rangpur provinces",notgiven,3.0,°C,2002,12.0,15.0,2003,1.0,,700.0,notgiven,50000.0,50000.0,61.4631882611914,1,"Rajshahi, Rangpur (Adm1)."
2002,Biological,Epidemic,Parasitic disease,"Bandarban, Rangamati, Khagrachari hill districts",notgiven,notgiven,Vaccinated,2002,6.0,notgiven,2002,6.0,,96.0,notgiven,49904.0,49904.0,61.4631882611914,,
2002,Meteorological,Storm,,Cox's Bazar district (Chittagong province),notgiven,90.0,Kph,2002,3.0,25.0,2002,3.0,25.0,32.0,notgiven,notgiven,1000.0,61.4631882611914,2,Cox's Bazar (Adm2).
2002,Meteorological,Storm,,Rajshahi district (Rajshahi province),notgiven,notgiven,Kph,2002,7.0,14.0,2002,7.0,14.0,10.0,notgiven,notgiven,notgiven,61.4631882611914,2,Rajshahi (Adm2).
2003,Geophysical,Earthquake,Ground movement,"Chittagong, Cox's Bazar, Rangamati districts (Chittagong province)",notgiven,6.0,Richter,2003,7.0,26.0,2003,7.0,26.0,2.0,25.0,2500.0,2525.0,62.8584595000413,2,"Chittagong, Cox's Bazar, Rangamati (Adm2)."
2003,Hydrological,Flood,Flash flood,"Khagrachhari, Chittagong, Feni, Cox's Bazar, Lakshmipur, Comilla districts (Chittagong province), Bhola district (Barisal province), Netrakona, Jamalpur districts (Dhaka province), Sylhet province","Mousson rain, tidal surge",4230.0,Km2,2003,6.0,19.0,2003,7.0,3.0,65.0,notgiven,500000.0,500000.0,62.8584595000413,2,"Bhola, Chittagong, Comilla, Cox's Bazar, Feni, Jamalpur, Khagrachhari, Lakshmipur, Netrakona (Adm2)."
2004,Meteorological,Storm,Convective storm,"Mymensingh, Netrakona districts (Dhaka province)",notgiven,120.0,Kph,2004,4.0,14.0,2004,4.0,15.0,76.0,3000.0,notgiven,13000.0,64.5413292817447,2,"Mymensingh, Netrakona (Adm2)."
2004,Meteorological,Storm,Convective storm,Sylhet province,notgiven,notgiven,Kph,2004,5.0,13.0,2004,5.0,13.0,10.0,50.0,notgiven,4050.0,64.5413292817447,1,Sylhet (Adm1).
2004,Geophysical,Earthquake,Tsunami,"Barisal, Chittagong, Khulna provinces",notgiven,9.0,Richter,2004,12.0,26.0,2004,12.0,26.0,2.0,notgiven,notgiven,notgiven,64.5413292817447,1,"Barisal, Chittagong, Khulna (Adm1)."
2005,Meteorological,Storm,Convective storm,"Gaibandha, Rangpur districts (Rangpur province), Chandpur district (Chittagong province), Habiganj district (Sylhet province), Faridpur, Kishoreganj, Manikganj, Munshiganj districts (Dhaka province)",notgiven,100.0,Kph,2005,3.0,20.0,2005,3.0,23.0,79.0,1500.0,notgiven,11500.0,66.7310579862028,2,"Chandpur, Faridpur, Gaibandha, Habiganj, Kishoreganj, Manikganj, Munshiganj, Rangpur (Adm2)."
2003,Meteorological,Storm,Tropical cyclone,"Noabadi, Nayabadi, Merashani villages (Brahamanbaria district, Chittagong)",notgiven,120.0,Kph,2003,5.0,4.0,2003,5.0,4.0,23.0,400.0,notgiven,400.0,62.8584595000413,2,Brahamanbaria (Adm2).
2003,Hydrological,Flood,Riverine flood,"Maulvibazar, Habiganj, Sylhet districts (Sylhet province), Lalmonirhat, Kurigram, Rangpur, Nilphamari, Gaibandha districts (Rangpur province), Comilla, Feni districts (Chittagong province), Sirajganj, Bogra, Pabna, Rajshahi, Nawabganj districts (Rajshahi province), Jamalpur, Tangail, Manikganj, Munshiganj, Narsingdi, Narayanganj, Kishoreganj, Rajbari, Madaripur, Chandpur, Faridpur, Dhaka districts (Dhaka province)",Monsoon rain,notgiven,Km2,2003,6.0,11.0,2003,10.0,10.0,187.0,notgiven,50000.0,50000.0,62.8584595000413,2,"Bogra, Comilla, Dhaka, Faridpur, Feni, Gaibandha, Habiganj, Jamalpur, Kishoreganj, Kurigram, Lalmonirhat, Madaripur, Manikganj, Maulvibazar, Munshiganj, Narayanganj, Narsingdi, Nawabganj, Nilphamari, Pabna, Rajbari, Rajshahi, Rangpur, Sirajganj, Sylhet, Tangail (Adm2)."
2003,Meteorological,Storm,Tropical cyclone,Barguna district (Barisal province),notgiven,notgiven,Kph,2003,12.0,20.0,2003,12.0,20.0,28.0,notgiven,notgiven,notgiven,62.8584595000413,2,Barguna (Adm2).
2003,Meteorological,Extreme temperature,Cold wave,"Chittagong, Dhaka, Rajshahi, Rangpur provinces",notgiven,notgiven,°C,2003,12.0,15.0,2004,1.0,,153.0,200.0,notgiven,200.0,62.8584595000413,1,"Chittagong, Dhaka, Rajshahi, Rangpur (Adm1)."
2003,Meteorological,Extreme temperature,Heat wave,"Dhaka, Khulna, Rajshahi provinces",notgiven,40.0,°C,2003,5.0,10.0,2003,6.0,12.0,62.0,notgiven,notgiven,notgiven,62.8584595000413,1,"Dhaka, Khulna, Rajshahi (Adm1)."
2003,Meteorological,Storm,,Dhaka province,notgiven,100.0,Kph,2003,4.0,16.0,2003,4.0,16.0,9.0,20.0,notgiven,20.0,62.8584595000413,1,Dhaka (Adm1).
2004,Hydrological,Flood,Riverine flood,"Brahamanbaria, Comilla, Chandpur districts (Chittagong province), Kurigram, Rangpur, Gaibandha districts (Rangpur province), Bogra, Naogaon, Pabna, Serajganj districts (Rajshahi province), Sylhet, Dhaka provinces",Monsoon rain,21420.0,Km2,2004,6.0,20.0,2004,8.0,3.0,730.0,notgiven,36000000.0,36000000.0,64.5413292817447,1;2,"Dhaka (Adm1). Bogra, Brahamanbaria, Chandpur, Comilla, Gaibandha, Kurigram, Naogaon, Pabna, Rangpur, Sirajganj (Adm2)."
2004,Hydrological,Flood,Riverine flood,"Debidwar, Burichang, Cahndina, Chauddagram, Muradnagar areas (Comilla district, Chittagong province)",Monsoon rains,notgiven,Km2,2004,9.0,11.0,2004,9.0,18.0,20.0,notgiven,600000.0,600000.0,64.5413292817447,2,Comilla (Adm2).
2004,Hydrological,Flood,Flash flood,"Dhaka, Faridpur, Gopalganj districts (Dhaka province), Lakshmipur district (Chittagong province), Bogra, Rajshahi, Naogaon, Joypurhat, Sirajganj districts (Rajshahi province), Gaibandha, Kurigram districts (Rangpur province)",notgiven,notgiven,Km2,2004,10.0,7.0,2004,10.0,18.0,11.0,200.0,271500.0,271700.0,64.5413292817447,2,"Bogra, Dhaka, Faridpur, Gaibandha, Gopalganj, Joypurhat, Kurigram, Lakshmipur, Naogaon, Rajshahi, Sirajganj (Adm2)."
2004,Meteorological,Storm,,"Cox's Bazar, Tekhnaf areas (Cox's Bazar district, Chittagong province)",notgiven,notgiven,Kph,2004,6.0,12.0,2004,6.0,13.0,153.0,notgiven,50.0,50.0,64.5413292817447,2,Cox's Bazar (Adm2).
2004,Biological,Epidemic,Viral disease,"Manikganj, Rajbari, Jaipurhat, Naogang, Faridpur districts (Goalanda Upazilla)",notgiven,notgiven,Vaccinated,2004,1.0,4.0,2004,2.0,8.0,14.0,notgiven,42.0,42.0,64.5413292817447,,
2004,Biological,Epidemic,Viral disease,Faridpur district,notgiven,notgiven,Vaccinated,2004,2.0,4.0,2004,4.0,20.0,18.0,notgiven,12.0,12.0,64.5413292817447,,
2004,Meteorological,Storm,,Sunamganj district (Sylhet province),notgiven,notgiven,Kph,2004,7.0,17.0,2004,7.0,17.0,notgiven,100.0,1000.0,1100.0,64.5413292817447,2,Sunamganj (Adm2).
2005,Hydrological,Flood,Flash flood,"Maulvibazar, Habiganj districts (Sylhet province)",Heavy rains,12730.0,Km2,2005,5.0,25.0,2005,5.0,28.0,13.0,notgiven,50000.0,50000.0,66.7310579862028,2,"Habiganj, Maulvibazar (Adm2)."
2005,Meteorological,Storm,Tropical cyclone,"Manikganj district (Dhaka province), Natore, Sirajganj, Pabna districts (Rajshahi province)",notgiven,notgiven,Kph,2005,3.0,31.0,2005,3.0,31.0,24.0,500.0,notgiven,10500.0,66.7310579862028,2,"Manikganj, Natore, Pabna, Sirajganj (Adm2)."
2005,Meteorological,Storm,,"Lakshmipur, Cox's Bazar districts (Chittagong province), Rajbari district (Dhaka province)",notgiven,notgiven,Kph,2005,5.0,21.0,2005,5.0,22.0,10.0,6.0,notgiven,6.0,66.7310579862028,2,"Cox's Bazar, Lakshmipur, Rajbari (Adm2)."
2005,Hydrological,Flood,Flash flood,"Naogaon, Joypurhat district (Rajshahi province), Gaibandha, Rangpur, Nilphamari, Dinajpur districts (Rangpur province)",Mosoon rains,22570.0,Km2,2005,10.0,3.0,2005,10.0,20.0,19.0,notgiven,100000.0,100000.0,66.7310579862028,2,"Dinajpur, Gaibandha, Joypurhat, Naogaon, Nilphamari, Rangpur (Adm2)."
2005,Hydrological,Flood,Riverine flood,"Kurigram, Gaibandha, Lalmonirhat, Rangpur, Nilphamari districts (Rangpur province), Sherpur, Jamalpur, Dhaka, Narayanganj, Munshiganj, Madaripur, districts (Dhaka province), Sirajganj, Bogra districts (Rajshahi province)",Monsoonal rain,notgiven,Km2,2005,7.0,7.0,2005,7.0,27.0,23.0,notgiven,1000000.0,1000000.0,66.7310579862028,2,"Bogra, Dhaka, Gaibandha, Jamalpur, Kurigram, Lalmonirhat, Madaripur, Munshiganj, Narayanganj, Nilphamari, Rangpur, Sherpur, Sirajganj (Adm2)."
2005,Meteorological,Extreme temperature,Heat wave,"Barisal, Chittagong, Dhaka, Khulna, Rajshahi, Rangpur, Sylhet provinces",notgiven,notgiven,°C,2005,7.0,notgiven,2005,7.0,,notgiven,notgiven,notgiven,notgiven,66.7310579862028,1,"Barisal, Chittagong, Dhaka, Khulna, Rajshahi, Rangpur, Sylhet (Adm1)."
2005,Meteorological,Extreme temperature,Severe winter conditions,"Chittagong district (Chittagong province), Jessore district (Khulna province), Rajshahi, Pabna districts (Rajshahi province), Thakurgaon, Kurigram districts (Rangpur province)",notgiven,8.0,°C,2005,12.0,notgiven,2006,1.0,,100.0,notgiven,1000.0,1000.0,66.7310579862028,2,"Chittagong, Jessore, Kurigram, Pabna, Rajshahi, Thakurgaon (Adm2)."
2005,Meteorological,Storm,,Pabna district (Rajshahi province),notgiven,notgiven,Kph,2005,5.0,14.0,2005,5.0,14.0,2.0,100.0,notgiven,100.0,66.7310579862028,2,Pabna (Adm2).
2005,Meteorological,Storm,,"Rangpur, Dinadjpur districts (Rangpur province)",notgiven,notgiven,Kph,2005,5.0,6.0,2005,5.0,6.0,11.0,notgiven,notgiven,1500.0,66.7310579862028,2,"Dinajpur, Rangpur (Adm2)."
2005,Meteorological,Storm,,Cox's Bazar district (Chittagong province),notgiven,notgiven,Kph,2005,6.0,30.0,2005,6.0,30.0,35.0,notgiven,notgiven,notgiven,66.7310579862028,2,Cox's Bazar (Adm2).
2005,Meteorological,Storm,,"Barisal, Chittagong, Khulna provinces",notgiven,notgiven,Kph,2005,9.0,20.0,2005,9.0,20.0,16.0,notgiven,12000.0,12000.0,66.7310579862028,1,"Barisal, Chittagong, Khulna (Adm1)."
2006,Meteorological,Storm,,"Rajshahi, Khulna provinces",notgiven,notgiven,Kph,2006,4.0,22.0,2006,4.0,24.0,4.0,150.0,notgiven,150.0,68.8837587123464,1,"Khulna, Rajshahi (Adm1)."
2006,Meteorological,Storm,Tropical cyclone,"Hatiya area (Noakhali district, Chittagong province), Bagerhat district (Khulna province), Patuakhali, Barguna districts (Barisal province)",notgiven,notgiven,Kph,2006,9.0,18.0,2006,10.0,5.0,115.0,notgiven,9135.0,9135.0,68.8837587123464,2,"Bagerhat, Barguna, Noakhali, Patuakhali (Adm2)."
2006,Meteorological,Storm,Tropical cyclone,"Tangail district (Dhaka province), Sirajganj district (Rajshahi province)",notgiven,notgiven,Kph,2006,4.0,8.0,2006,4.0,8.0,22.0,500.0,notgiven,1500.0,68.8837587123464,2,"Sirajganj, Tangail (Adm2)."
2006,Meteorological,Storm,Convective storm,"Bagerhat, Khulna districts (Khulna province)",notgiven,150.0,Kph,2006,3.0,4.0,2006,3.0,4.0,4.0,549.0,5350.0,5899.0,68.8837587123464,2,"Bagerhat, Khulna (Adm2)."
2006,Hydrological,Flood,Riverine flood,"Khagrachhari district (Chittagong province), Sylhet province",Monsoonal rain,notgiven,Km2,2006,5.0,31.0,2006,7.0,24.0,notgiven,notgiven,76000.0,76000.0,68.8837587123464,1;2,Sylhet (Adm1). Khagrachhari (Adm2).
2006,Hydrological,Flood,Riverine flood,"Jessore, Khulna, Satkhira districts (Khulna province)",Monsoonal rain,28080.0,Km2,2006,8.0,24.0,2006,9.0,20.0,notgiven,notgiven,135775.0,135775.0,68.8837587123464,2,"Jessore, Khulna, Satkhira (Adm2)."
2006,Meteorological,Storm,Tropical cyclone,Dhaka province,notgiven,notgiven,Kph,2006,4.0,5.0,2006,4.0,6.0,9.0,65.0,notgiven,1465.0,68.8837587123464,1,Dhaka (Adm1).
2007,Hydrological,Flood,Riverine flood,Chittagong district (Chittagong province),Monsoonal rain,notgiven,Km2,2007,6.0,11.0,2007,6.0,12.0,120.0,60.0,80000.0,80060.0,70.848792703253,2,Chittagong (Adm2).
2007,Meteorological,Extreme temperature,Severe winter conditions,"Panchagarh, Thakurgaon, Dinajpur, Nilphamari, Lalmonirhat, Gaibandha, Kurigram, Rangpur districts (Rangpur province), Joypurhat, Bogra, Sirajganj, Rajshahi, Pabna, Nawabganj districts (Rajshahi province), Mymensingh, Jamalpur, Kishoreganj, Sherpur, Gazipur, Shariatpur, Rajbari, Gopalganj districts (Dhaka), Jhalokati district (Barisal province), Khulna district (Khulna province), Brahamanbaria district (Chittagong province), Sylhet, Maulvibazar, Sunamganj districts (Sylhet province)",notgiven,5.0,°C,2007,1.0,notgiven,2007,1.0,,130.0,notgiven,100000.0,100000.0,70.848792703253,2,"Bogra, Brahamanbaria, Dinajpur, Gaibandha, Gazipur, Gopalganj, Jamalpur, Jhalokati, Joypurhat, Khulna, Kishoreganj, Kurigram, Lalmonirhat, Maulvibazar, Mymensingh, Nawabganj, Nilphamari, Pabna, Panchagarh, Rajbari, Rajshahi, Rangpur, Shariatpur, Sherpur, Sirajganj, Sunamganj, Sylhet, Thakurgaon (Adm2)."
2007,Hydrological,Flood,Riverine flood,"Goalanda village (Goalandaghat area, Rajbari district, Dhaka province), Aricha port (Shibalaya area, Manikganj district, Dhaka province), Bhagyakul village (Sreenagar area, Munshiganj district, Dhaka province), Bandarban, Feni, Comilla districts (Chittagong province), Sirajganj district (Rajshahi province), Rangpur province",Monsoonal rain,7000.0,Km2,2007,7.0,21.0,2007,8.0,3.0,1110.0,notgiven,13771380.0,13771380.0,70.848792703253,1;2,"Rangpur (Adm1). Bandarban, Comilla, Feni, Munshiganj, Rajbari, Sirajganj (Adm2)."
2007,Meteorological,Storm,Tropical cyclone,"Bagerhat, Khulna, Satkhira districts (Khulna province), Patuakhali, Barguna, Pirojpur, Barisal, Jhalokati, Bhola districts (Barisal province), Madaripur, Gopalganj, Shariatpur districts (Dhaka province)",notgiven,250.0,Kph,2007,11.0,15.0,2007,11.0,19.0,4234.0,55282.0,8923259.0,8978541.0,70.848792703253,2,"Bagerhat, Barguna, Barisal, Bhola, Gopalganj, Jhalokati, Khulna, Madaripur, Patuakhali, Pirojpur, Satkhira, Shariatpur (Adm2)."
2007,Meteorological,Storm,Tropical cyclone,"Cox's Bazar, Chittagong districts (Chittagong province)",notgiven,88.0,Kph,2007,5.0,15.0,2007,5.0,15.0,41.0,notgiven,notgiven,225.0,70.848792703253,2,"Chittagong, Cox's Bazar (Adm2)."
2007,Biological,Epidemic,Bacterial disease,,notgiven,notgiven,Vaccinated,2007,7.0,29.0,2007,10.0,9.0,54.0,notgiven,236558.0,236558.0,70.848792703253,,
2007,Biological,Epidemic,Viral disease,,notgiven,notgiven,Vaccinated,2007,7.0,30.0,2007,10.0,9.0,32.0,notgiven,48352.0,48352.0,70.848792703253,,
2008,Hydrological,Flood,Riverine flood,"Cox's Bazar, Chittagong districts (Chittagong province)",Moonsonal rain,notgiven,Km2,2008,6.0,26.0,2008,7.0,13.0,16.0,2.0,notgiven,20002.0,73.5687455355046,2,"Chittagong, Cox's Bazar (Adm2)."
2008,Meteorological,Storm,Tropical cyclone,"Barisal, Patuakhali districts (Barisal province)",notgiven,80.0,Kph,2008,10.0,27.0,2008,10.0,27.0,15.0,200.0,notgiven,200.0,73.5687455355046,2,"Barisal, Patuakhali (Adm2)."
2008,Hydrological,Flood,Riverine flood,"Bogra, Sirajganj districts (Rajshahi province)",Monsoonal rains,59250.0,Km2,2008,8.0,30.0,2008,9.0,8.0,12.0,notgiven,600000.0,615638.0,73.5687455355046,2,"Bogra, Sirajganj (Adm2)."
2008,Hydrological,Landslide,Landslide,"Chittagong city (Chittagong district, Chittagong province)",Hevay tropical rains,notgiven,notgiven,2008,8.0,16.0,2008,8.0,16.0,13.0,50.0,notgiven,50.0,73.5687455355046,2,Chittagong (Adm2).
2008,Meteorological,Storm,Tropical cyclone,"Jamalpur, Mymensingh, Netrakona, Sherpur districts (Dhaka province), Bogra district (Rajshahi province), Gaibandha, Kurigram districts (Rangpur province), Sunamganj, Sylhet provinces (Sylhet province)",notgiven,100.0,Kph,2008,3.0,22.0,2008,3.0,22.0,12.0,200.0,notgiven,200.0,73.5687455355046,2,"Bogra, Gaibandha, Jamalpur, Kurigram, Mymensingh, Netrakona, Sherpur, Sunamganj, Sylhet (Adm2)."
2009,Meteorological,Storm,Tropical cyclone,"Khulna, Satkhira, Jessore, Bagerhat districts (Khulna province), Patuakhali, Bhola, Barisal, Barguna, Pirojpur, Jhalokati districts (Barisal province), Lakshmipur, Chittagong, Noakhali, Cox's Bazar, Feni, Chandpur districts (Chittagong province)",notgiven,90.0,Kph,2009,5.0,25.0,2009,5.0,26.0,190.0,7103.0,3928238.0,3935341.0,73.3071767219387,2,"Bagerhat, Barguna, Barisal, Bhola, Chandpur, Chittagong, Cox's Bazar, Feni, Jessore, Jhalokati, Khulna, Lakshmipur, Noakhali, Patuakhali, Pirojpur, Satkhira (Adm2)."
2009,Meteorological,Storm,Tropical cyclone,"Banshkhali, Anowara, Sitakunda, Mirsaharai, Sandwip, Patiya, Boalkhali, Satkania, Chandanaish, City Corportaion of Chittagong (CCC) areas (Chittagong district, Chittagong province), Sadar, Ramu, Chakaria, Pekua, Maheshkhali, Kutubdia areas (Cox's Bazar district, Chittagong province), Hatiya area (Noakhali district, Chittagong province), Charfashion area (Bhola district, Barisal province), Pirganj area (Thakurgao district, Rangpur province)",notgiven,100.0,Kph,2009,4.0,19.0,2009,4.0,20.0,7.0,84.0,19125.0,19209.0,73.3071767219387,2,"Bhola, Chittagong, Cox's Bazar, Noakhali, Thakurgaon (Adm2)."
2009,Hydrological,Flood,Riverine flood,Habiganj district (Sylhet province),Torrential rain,49030.0,Km2,2009,7.0,3.0,2009,7.0,6.0,6.0,notgiven,500000.0,500000.0,73.3071767219387,2,Habiganj (Adm2).
2009,Hydrological,Flood,Riverine flood,"Comilla, Chittagong districts (Chittagong province), Dhaka, Rajshahi, Barisal, Khulna, Sylhet provinces",Heavy rain,notgiven,Km2,2009,7.0,29.0,2009,7.0,29.0,10.0,notgiven,notgiven,notgiven,73.3071767219387,1;2,"Barisal, Dhaka, Khulna, Rajshahi, Sylhet (Adm1). Chittagong, Comilla (Adm2)."
2009,Meteorological,Extreme temperature,Cold wave,"Rajbari, Manikganj, Tangail, Sherpur districts (Dhaka province), Damurhuda, Sadar, Jiban Naga (Chuadanga district, Khulna province), Jessore, Bagerhat, Khulna, Meherpur, Satkhira districts (Khulna province), Sadar, Sripur (Magura district, Khulna province), Naogaon, Pabna, Bogra, Sirajganj districts (Rajshahi province), Biral, Fulbari (Dinajpur district, Rangpur province), Fulchari, Sundarganj, Saghata, Gabindaganj, Sadullapu (Gaibandha district, Rangpur province), Tentulia, Debiganj, Atwari (Panchagarh district, Rangpur province), Baliadangi, Haripur, Ranisenkail (Thakurgaon district, Rangpur province), Dimla, Jaldhaka (Nilphamari district, Rangpur province), Hatibandha, Patgram, Aditmari (Lalmonirhat district, Rangpur province), Roumari, Chilmari, Ulipur (Kurigram district, Rangpur province), Gangachara, Pirganj (Rangpur district, Rangpur province)",notgiven,-6.0,°C,2009,12.0,15.0,2010,1.0,31.0,135.0,notgiven,50000.0,50000.0,73.3071767219387,2,"Bagerhat, Bogra, Chuadanga, Dinajpur, Gaibandha, Jessore, Khulna, Kurigram, Lalmonirhat, Magura, Manikganj, Meherpur, Naogaon, Nilphamari, Pabna, Panchagarh, Rajbari, Rangpur, Satkhira, Sherpur, Sirajganj, Tangail, Thakurgaon (Adm2)."
2009,Climatological,Drought,Drought,"Barisal, Chittagong, Dhaka, Khulna, Rajshahi, Rangpur, Sylhet provinces",notgiven,notgiven,Km2,2009,7.0,notgiven,2009,8.0,,notgiven,notgiven,notgiven,notgiven,73.3071767219387,1,"Barisal, Chittagong, Dhaka, Khulna, Rajshahi, Rangpur, Sylhet (Adm1)."
2010,Meteorological,Storm,Convective storm,Mymensingh district (Dhaka province),notgiven,notgiven,Kph,2010,5.0,1.0,2010,5.0,2.0,15.0,50.0,notgiven,50.0,74.5094440781961,2,Mymensingh (Adm2).
2010,Hydrological,Flood,Flash flood,"Netrakona district (Dhaka province), Kurigram, Gaibandha, Lalmonirhat districts (Rangpur province), Sylhet province",notgiven,notgiven,Km2,2010,6.0,24.0,2010,6.0,24.0,notgiven,notgiven,75000.0,75000.0,74.5094440781961,1;2,"Sylhet (Adm1). Gaibandha, Kurigram, Lalmonirhat, Netrakona (Adm2)."
2010,Hydrological,Flood,Riverine flood,"Chittagong, Cox's Bazar, Feni, Lakshmipur, Noakhali districts (Chittagong province), Bagerhat, Khulna, Satkhira districts (Khulna province), Barisal province",Heavy rains and storms,29265.0,Km2,2010,10.0,1.0,2010,10.0,12.0,15.0,notgiven,500000.0,500000.0,74.5094440781961,1;2,"Barisal (Adm1). Bagerhat, Chittagong, Cox's Bazar, Feni, Khulna, Lakshmipur, Noakhali, Satkhira (Adm2)."
2010,Hydrological,Landslide,Landslide,"Cox's Bazar, Bandarban districts (Chittagong province)",Heavy rain,notgiven,notgiven,2010,6.0,14.0,2010,6.0,15.0,66.0,100.0,55130.0,55230.0,74.5094440781961,2,"Bandarban, Cox's Bazar (Adm2)."
2010,Meteorological,Storm,Tropical cyclone,"Rangpur, Dinajpur, Nilphamari, Lalmonirhat, Kurigram, Gaibandha districts (Rangpur province), Sirajganj, Bogra districts (Rajshahi province)",notgiven,120.0,Kph,2010,4.0,13.0,2010,4.0,14.0,8.0,200.0,246910.0,247110.0,74.5094440781961,2,"Bogra, Dinajpur, Gaibandha, Kurigram, Lalmonirhat, Nilphamari, Rangpur, Sirajganj (Adm2)."
2010,Meteorological,Storm,Tropical cyclone,Lalmonirhat district (Rangpur province),notgiven,notgiven,Kph,2010,4.0,17.0,2010,4.0,17.0,3.0,notgiven,10000.0,10000.0,74.5094440781961,2,Lalmonirhat (Adm2).
2011,Hydrological,Flood,Flash flood,"Cox's Bazar, Chittagong, Bandarban districts (Chittagong province), Satkhira, Jessore, Narail, Bagerhat, Chuadanga, Kushtia districts (Khulna province), Bogra, Sirajganj, Pabna, Naogaon districts (Rajshahi province), Lalmonirhat, Thakurgaon, Kurigram, Gaibandha districts (Rangpur province), Sherpur, Netrakona, Rajbari, Manikganj districts (Dhaka province)",Continuous torrential rain combined with monsoonal depression,19191.0,Km2,2011,7.0,21.0,2011,7.0,29.0,10.0,notgiven,1570559.0,1570559.0,76.8615953778198,2,"Bagerhat, Bandarban, Bogra, Chittagong, Chuadanga, Cox's Bazar, Gaibandha, Jessore, Kurigram, Kushtia, Lalmonirhat, Manikganj, Naogaon, Narail, Netrakona, Pabna, Rajbari, Satkhira, Sherpur, Sirajganj, Thakurgaon (Adm2)."
2011,Meteorological,Extreme temperature,Cold wave,"Barguna district (Barisal province), Nazirpur upazila (Pirojpur district, Barisal province), Gaibandha, Kurigram, Thakurgaon, Dinajpur districts (Rangpur province), Gabura city (Rangpur district, Rangpur province), Domar upazila (Nilphamari district, Rangpur province), Tetulia upazila (Panchagarh district, Rangpur province), Dakope upazila (Khulna district, Khulna province), Kushtia, Chuadanga districts (Khulna province), Kalaroa upazila (Satkhira district, Khulna province), Tarail upazila (Kishoreganj district, Dhaka province), Manikganj, Sherpur districts (Dhaka province), Sirajganj, Rajshahi districts (Rajshahi province), Ishwardi city (Pabna district, Rajshahi province)",notgiven,5.0,°C,2011,1.0,7.0,2011,2.0,20.0,50.0,notgiven,100000.0,100000.0,76.8615953778198,2,"Barguna, Chuadanga, Dinajpur, Gaibandha, Khulna, Kishoreganj, Kurigram, Kushtia, Manikganj, Nilphamari, Panchagarh, Pirojpur, Rajshahi, Rangpur, Satkhira, Sherpur, Sirajganj, Thakurgaon (Adm2)."
2011,Meteorological,Storm,Convective storm,"Sherpur, Jamalpur, Netrakona, Mymensingh districts (Dhaka province), Rangpur, Thakurgaon, Gaibandha districts (Rangpur province), Pabna district (Rajshahi province)",notgiven,notgiven,Kph,2011,4.0,4.0,2011,4.0,4.0,13.0,121.0,notgiven,121.0,76.8615953778198,2,"Gaibandha, Jamalpur, Mymensingh, Netrakona, Pabna, Rangpur, Sherpur, Thakurgaon (Adm2)."
2011,Hydrological,Landslide,Landslide,"Chittagong city (Chittagong district, Chittagong province)",notgiven,notgiven,notgiven,2011,7.0,4.0,2011,7.0,4.0,17.0,notgiven,notgiven,notgiven,76.8615953778198,2,Chittagong (Adm2).
2011,Meteorological,Extreme temperature,Cold wave,"Barisal, Chittagong, Khulna, Rangpur provinces",notgiven,9.0,°C,2011,12.0,13.0,2011,12.0,18.0,12.0,notgiven,2000.0,2000.0,76.8615953778198,1,"Barisal, Chittagong, Khulna, Rangpur (Adm1)."
2012,Hydrological,Flood,Riverine flood,"Chittagong, Bandarban, Cox's Bazar districts (Chittagong province), Sylhet district (Sylhet province)",Monsoonal rain,9560.0,Km2,2012,6.0,24.0,2012,7.0,2.0,139.0,notgiven,5148475.0,5148475.0,78.4521138829003,2,"Bandarban, Chittagong, Cox's Bazar, Sylhet (Adm2)."
2012,Meteorological,Storm,Convective storm,"Panchagarh, Rangpur, Nilphamari districts (Rangpur province), Noakhali, Comilla districts (Chittagong province), Narsingdi, Jamalpur, Faridpur, Shariatpur districts (Dhaka province), Jessore, Satkhira, Khulna, Chuadanga districts (Khulna province), Rajshahi district (Rajshahi province), Sylhet district (Sylhet province), Bhola district (Barisal province)",notgiven,56.0,Kph,2012,4.0,6.0,2012,4.0,6.0,25.0,121.0,notgiven,55121.0,78.4521138829003,2,"Bhola, Chuadanga, Comilla, Faridpur, Jamalpur, Jessore, Khulna, Narsingdi, Nilphamari, Noakhali, Panchagarh, Rajshahi, Rangpur, Satkhira, Shariatpur, Sylhet (Adm2)."
2012,Hydrological,Flood,Riverine flood,"Barisal, Bhola, Patuakhali districts (Barisal province), Dhaka, Faridpur, Jamalpur, Madaripur, Manikganj, Rajbari, Shariatpur, Tangail districts (Dhaka province), Bogra, Pabna, Sirajganj districts (Rajshahi province), Gaibandha, Kurigram districts (Rangpur province)",notgiven,notgiven,Km2,2012,9.0,21.0,2012,9.0,28.0,notgiven,notgiven,250000.0,250000.0,78.4521138829003,2,"Barisal, Bhola, Bogra, Dhaka, Faridpur, Gaibandha, Jamalpur, Kurigram, Madaripur, Manikganj, Pabna, Patuakhali, Rajbari, Shariatpur, Sirajganj, Tangail (Adm2)."
2012,Meteorological,Storm,Convective storm,"Hatiya, Companiganj, Subarnarchar areas (Noakhali district, Chittagong province), Monpura, Charfasson areas (Bhola district, Barisal province), Sandwip, Mirsharai areas (Chittagong district, Chittagong province)",notgiven,notgiven,Kph,2012,10.0,10.0,2012,10.0,10.0,108.0,183.0,129375.0,129558.0,78.4521138829003,2,"Bhola, Chittagong, Noakhali (Adm2)."
2012,Meteorological,Extreme temperature,Cold wave,"Panchagarh, Thakurgaon, Dinajpur, Nilphamari, Lalmonirhat, Rangpur, Kurigram, Gaibandha districts (Rangpur province), Bogra, Joypurhat, Naogaon, Nawabganj, Rajshahi, Natore, Sirajganj, Pabna districts (Rajshahi province), Mymensingh, Faridpur, Madaripur districts (Dhaka province), Maulvibazar district (Sylhet province), Kushtia, Jessore districts (Khuna province)",notgiven,8.0,°C,2012,12.0,notgiven,2013,2.0,,72.0,notgiven,75000.0,75000.0,78.4521138829003,2,"Bogra, Dinajpur, Faridpur, Gaibandha, Jessore, Joypurhat, Kurigram, Kushtia, Lalmonirhat, Madaripur, Maulvibazar, Mymensingh, Naogaon, Natore, Nawabganj, Nilphamari, Pabna, Panchagarh, Rajshahi, Rangpur, Sirajganj, Thakurgaon (Adm2)."
2013,Meteorological,Storm,Convective storm,"Natore, Naogaon districts (Rajshahi province)",notgiven,notgiven,Kph,2013,3.0,29.0,2013,3.0,30.0,2.0,notgiven,25020.0,25020.0,79.6013094233451,2,"Naogaon, Natore (Adm2)."
2013,Meteorological,Storm,Convective storm,"Sadar, Akhaura, Bijoynagar areas (Brahamanbaria district, Chittagong province)",notgiven,notgiven,Kph,2013,3.0,22.0,2013,3.0,22.0,31.0,388.0,8155.0,8543.0,79.6013094233451,2,Brahamanbaria (Adm2).
2013,Meteorological,Storm,Tropical cyclone,"Patuakhali, Bhola, Barguna districts (Barisal province)",notgiven,notgiven,Kph,2013,5.0,16.0,2013,5.0,16.0,17.0,65.0,1498579.0,1498644.0,79.6013094233451,2,"Barguna, Bhola, Patuakhali (Adm2)."
2014,Hydrological,Flood,Riverine flood,"Lalmonirhat, Kurigram, Nilphamari, Rangpur, Gaibandha districts (Rangpur province), Bogra, Sirajganj districts (Rajshahi province), Sunamganj, Sylhet districts (Sylhet province), Sherpur, Netrakona, Munshiganj, Jamalpur, Tangail, Faridpur, Manikganj, Rajbari districts (Dhaka province), Bhola, Patuakhali, Barguna districts (Barisal province), Feni, Chittagong districts (Chittagong province)",Heavy rains,notgiven,Km2,2014,8.0,11.0,2014,9.0,10.0,59.0,447.0,2800000.0,2800447.0,80.8926237222027,2,"Barguna, Bhola, Bogra, Chittagong, Faridpur, Feni, Gaibandha, Jamalpur, Kurigram, Lalmonirhat, Manikganj, Munshiganj, Netrakona, Nilphamari, Patuakhali, Rajbari, Rangpur, Sherpur, Sirajganj, Sunamganj, Sylhet, Tangail (Adm2)."
2014,Meteorological,Storm,Convective storm,"Sunamganj district (Sylhet province), Tangail, Netrakona districts (Dhaka province), Naogaon district (Rajshahi province)",notgiven,notgiven,Kph,2014,4.0,27.0,2014,4.0,28.0,16.0,12.0,notgiven,4012.0,80.8926237222027,2,"Naogaon, Netrakona, Sunamganj, Tangail (Adm2)."
2014,Meteorological,Storm,Convective storm,Faridpur district (Dhaka province),notgiven,notgiven,Kph,2014,6.0,11.0,2014,6.0,11.0,4.0,notgiven,1250.0,1250.0,80.8926237222027,2,Faridpur (Adm2).
2014,Hydrological,Flood,,"Bogra, Naogaon districts (Rajshahi province), Jamalpur, Mymensing, Netrokona districts (Dhaka province), Kurigram Lalmonirhat, Gaibandha districts (Rangpur province), Brahmanbaria district (Chittagong province)",notgiven,notgiven,Km2,2014,9.0,notgiven,2014,9.0,,notgiven,notgiven,400000.0,400000.0,80.8926237222027,2,"Bogra, Brahamanbaria, Gaibandha, Jamalpur, Kurigram, Lalmonirhat, Mymensingh, Naogaon, Netrakona (Adm2)."
2015,Meteorological,Storm,Convective storm,"Bogra, Rajshahi, Naogaon, Sirajganj, Pabna districts (Rajshahi province), Brahamanbaria district (Chittagong province), Dhaka districts (Dhaka province)",notgiven,notgiven,Kph,2015,4.0,1.0,2015,4.0,7.0,53.0,200.0,20000.0,20200.0,80.9885789905908,2,"Bogra, Brahamanbaria, Dhaka, Naogaon, Pabna, Rajshahi, Sirajganj (Adm2)."
2015,Hydrological,Flood,Riverine flood,"Bandarban, Chittagong, Cox's Bazar districts (Chittagong province)",Excessive rains,notgiven,Km2,2015,6.0,23.0,2015,6.0,30.0,20.0,20651.0,1381250.0,1401901.0,80.9885789905908,2,"Bandarban, Chittagong, Cox's Bazar (Adm2)."
2015,Hydrological,Flood,Riverine flood,"Barisal district (Barisal province), Chittagong district (Chittagong province), Khulna district (Khulna province)",Heavy rains,notgiven,Km2,2015,7.0,25.0,2015,7.0,27.0,11.0,notgiven,10000.0,10000.0,80.9885789905908,2,"Barisal, Chittagong, Khulna (Adm2)."
2015,Meteorological,Storm,Tropical cyclone,"Cox's Bazar, Chittagong, Noakhali, Feni, Bandarban districts (Chittagong province), Patuakhali, Bhola, Barguna districts (Barisla province)",notgiven,notgiven,Kph,2015,7.0,29.0,2015,7.0,30.0,45.0,notgiven,2600000.0,2600000.0,80.9885789905908,2,"Bandarban, Barguna, Bhola, Chittagong, Cox's Bazar, Feni, Noakhali, Patuakhali (Adm2)."
2015,Meteorological,Storm,Convective storm,"Sunamganj district (Sylhet province), Jamalpur, Sherpur, Mymensingh districts (Dhaka province), Gaibandha, Dinajpur districts (Rangpur province), Bagerhat district (Khulna province)",notgiven,notgiven,Kph,2015,5.0,2.0,2015,5.0,3.0,13.0,notgiven,notgiven,notgiven,80.9885789905908,2,"Bagerhat, Dinajpur, Gaibandha, Jamalpur, Mymensingh, Sherpur, Sunamganj (Adm2)."
2015,Meteorological,Storm,Convective storm,Dinajpur,notgiven,notgiven,Kph,2015,5.0,23.0,2015,5.0,23.0,6.0,50.0,40000.0,40050.0,80.9885789905908,2,Dinajpur (Adm2).
2015,Geophysical,Earthquake,Ground movement,"Savar area (Dhaka district, Dhaka province), Narayanganj, Gazipur, Gopalganj districts (Dhaka province), Sunamganj district (Sylhet province), Comilla, Feni districts (Chittagong province), Habiganj district (Sylhet province), Gangachara area (Rangpur district, Rangpur province), Gaibandha district (Rangpur province), Rajshahi, Naogaon, Bogra, Pabna districts (Rajshahi province)",notgiven,8.0,Richter,2015,4.0,25.0,2015,4.0,25.0,4.0,200.0,notgiven,200.0,80.9885789905908,2,"Bogra, Comilla, Dhaka, Feni, Gaibandha, Gazipur, Gopalganj, Habiganj, Naogaon, Narayanganj, Pabna, Rajshahi, Rangpur, Sunamganj (Adm2)."
2015,Hydrological,Landslide,Landslide,"Lalkhan Bazar area (Chittagong district, Chittagong province)",notgiven,notgiven,notgiven,2015,7.0,18.0,2015,7.0,18.0,7.0,3.0,1000.0,1003.0,80.9885789905908,2,Chittagong (Adm2).
2016,Meteorological,Storm,Tropical cyclone,"Barisal; Noakhali, Lakshmipur, Chandpur (Chittagong); Cox’s Bazar, Bhola, Barguna, Patuakhali",notgiven,notgiven,Kph,2016,5.0,21.0,2016,5.0,21.0,28.0,notgiven,1083855.0,1203555.0,82.010330903136,2,"Barguna, Bhola, Chandpur, Cox's Bazar, Lakshmipur, Noakhali, Patuakhali (Adm2)."
2016,Meteorological,Storm,Convective storm,"Dhaka (Jatrabarhi’s Konaparha), Rajshahi (Mohanpur, Durgapur, Gogagarhi), Sirajgani (Raiganj, Ullaparha), Pabna (Sujanagar, Berha), Rajbari, Kishoreganj (Hossainpur, Tarhail, Bajitpur), Brahmanbarhia (Sarail, Banchharampur), Gazipur (Kapasia), Bogra (Sherpur), Natore (Lalpur), Habiganj (Baniachong), Naogaon (Atrai), Nilphamari (Kishoreganj)",notgiven,notgiven,Kph,2016,5.0,13.0,2016,5.0,15.0,59.0,notgiven,notgiven,notgiven,82.010330903136,2,"Bogra, Brahamanbaria, Dhaka, Gazipur, Habiganj, Kishoreganj, Naogaon, Natore, Nilphamari, Pabna, Rajbari, Rajshahi, Sirajganj (Adm2)."
2016,Geophysical,Earthquake,Ground movement,"Dhaka, Jamalpur districts (Dhaka province), Rajshahi district (Rajshahi province), Lalmonirhat, Panchagarh districts (Rangpur province)",notgiven,7.0,Richter,2016,1.0,3.0,2016,1.0,3.0,5.0,70.0,notgiven,70.0,82.010330903136,2,"Dhaka, Jamalpur, Lalmonirhat, Panchagarh, Rajshahi (Adm2)."
2016,Hydrological,Flood,Riverine flood,"Kurigram, Bogra, Sirajganj, Gaibandha, Tangail, Jamalpur, Nilphamari, Lalmonirhat, Sunamganj, Faridpur, Kustia,Madaripur, Manikganj, Rajbari, Rangpur, Sariatpur districts",Heavy rains,45667.0,Km2,2016,7.0,19.0,2016,8.0,2.0,106.0,notgiven,1900000.0,1900000.0,82.010330903136,2,"Bogra, Faridpur, Gaibandha, Jamalpur, Kurigram, Kushtia, Lalmonirhat, Madaripur, Manikganj, Nilphamari, Rajbari, Rangpur, Shariatpur, Sirajganj, Sunamganj, Tangail (Adm2)."
2017,Hydrological,Landslide,Mudslide,"Chittagong (Teknaf, Rangunia, Chandanaish), Rangamati, Bandarban, Cox's Bazar, Khagrachari",Monsoon,notgiven,notgiven,2017,6.0,12.0,2017,6.0,14.0,160.0,187.0,80000.0,80187.0,83.7572545519631,2,"Bandarban, Chittagong, Cox's Bazar, Khagrachhari, Rangamati (Adm2)."
2017,Meteorological,Storm,Convective storm,"Rajshani, Chapainawabganj (Nawabganj), Dorgapara (Rajshahi)",notgiven,notgiven,Kph,2017,5.0,1.0,2017,5.0,1.0,12.0,notgiven,notgiven,notgiven,83.7572545519631,2,"Nawabganj, Rajshahi (Adm2)."
2017,Hydrological,Flood,Riverine flood,"Netrokona, Kishoreganj, Itna (Kishoreganj), Mithamoin (Kishoreganj), Austagram (Kishoreganj), Habiganj, Karimganj (Kishoreganj), Sunamganj, Moulvibazar, Sylhet",Heavy rains,notgiven,Km2,2017,3.0,28.0,2017,4.0,15.0,notgiven,notgiven,76725.0,86025.0,83.7572545519631,2,"Habiganj, Kishoreganj, Maulvibazar, Netrakona, Sunamganj, Sylhet (Adm2)."
2017,Meteorological,Storm,Tropical cyclone,"Swandip, Anwara, Lohogara, Bashkhali, Sitakunda, Mirsarai, Chandanaish, Karnaphuli Thana (Chittagong district); Cohokoria, Teknaf, Moheshkhali, Kutubdia, Pekua, Ramu, Ukhiya, Shah Parir Dwip, Saint Martin’s island (Cox's Bazar district); Rangamati district (All upazillas); Nikonchori (Bandarban district); Bhola district. Khagrachhari, Feni, Noakhali districts",notgiven,135.0,Kph,2017,5.0,30.0,2017,5.0,30.0,7.0,12.0,3300000.0,3300012.0,83.7572545519631,2,"Bandarban, Bhola, Chittagong, Cox's Bazar, Feni, Khagrachhari, Noakhali, Rangamati (Adm2)."
2017,Biological,Epidemic,Bacterial disease,Cox’s Bazar,notgiven,notgiven,Vaccinated,2017,11.0,3.0,2017,12.0,12.0,15.0,789.0,notgiven,789.0,83.7572545519631,,
2017,Hydrological,Flood,,"Dinajpur, Kurigram, Lalmonirhat, Nilphamari, Chapainawabganj, Moulvibazar, Jessore, Sylhet, Gaibandha, Sunamganj, Mymensingh, Thakurgaon, Jamalpur, Joypurhat, Naogaon, Panchagarh, Bogra, Tangail, Rangamati, Comilla, Dhaka, Faridpur, Madaripur, Brahamanbaria, Munshiganj, Natore, Sirajganj, Rangpur, Sherpur, Netrakona, Chandpur, Rajshahi",Late monsoon rains,notgiven,Km2,2017,8.0,10.0,2017,8.0,31.0,144.0,notgiven,8000000.0,8000000.0,83.7572545519631,2,"Bogra, Brahamanbaria, Chandpur, Comilla, Dhaka, Dinajpur, Faridpur, Gaibandha, Jamalpur, Jessore, Joypurhat, Kurigram, Lalmonirhat, Madaripur, Manikganj, Maulvibazar, Munshiganj, Mymensingh, Naogaon, Natore, Nawabganj, Nilphamari, Panchagarh, Rajbari, Rajshahi, Rangamati, Rangpur, Sirajganj, Sunamganj, Sylhet, Tangail, Thakurgaon (Adm2)."
2018,Hydrological,Flood,,"Cox’s Bazar,Rangamati",notgiven,notgiven,Km2,2018,6.0,5.0,2018,6.0,14.0,14.0,notgiven,notgiven,notgiven,85.8030260572654,2,"Cox's Bazar, Rangamati (Adm2)."
2018,Meteorological,Storm,Convective storm,,notgiven,notgiven,Kph,2018,4.0,29.0,2018,4.0,30.0,33.0,notgiven,notgiven,notgiven,85.8030260572654,,
2018,Meteorological,Extreme temperature,Cold wave,,notgiven,3.0,°C,2018,1.0,1.0,2018,1.0,10.0,34.0,notgiven,notgiven,notgiven,85.8030260572654,2,"Bogra, Chuadanga, Dinajpur, Gaibandha, Jamalpur, Joypurhat, Kurigram, Kushtia, Lalmonirhat, Natore, Netrakona, Nilphamari, Pabna, Panchagarh, Rajshahi, Rangpur, Sirajganj, Thakurgaon (Adm2)."
2018,Hydrological,Flood,,,Torrential Rain,3882.0,Km2,2018,5.0,20.0,2018,5.0,22.0,21.0,notgiven,14000.0,14000.0,85.8030260572654,,
2019,Meteorological,Storm,Convective storm,Dhaka,notgiven,notgiven,Kph,2019,3.0,31.0,2019,3.0,31.0,15.0,notgiven,notgiven,notgiven,87.3580067738847,1,Dhaka (Adm1).
2019,Hydrological,Landslide,Landslide,Cox’s Bazar (Chittagong Division),Mosoon rains,notgiven,notgiven,2019,7.0,2.0,2019,7.0,8.0,2.0,16.0,18000.0,18016.0,87.3580067738847,2,Cox's Bazar (Adm2).
2019,Meteorological,Storm,Tropical cyclone,"Barguna, Kishoreganj,Noakhali, Laxmipur, Feni, Chandpur, Bhola, Patuakhali, Barishal, Pirozpur, Jhalokathi, Bagherhat, Khulna, Satkhira districts",notgiven,200.0,Kph,2019,5.0,4.0,2019,5.0,4.0,39.0,45.0,notgiven,10045.0,87.3580067738847,2,"Bagerhat, Barguna, Barisal, Bhola, Chandpur, Feni, Jhalokati, Khulna, Kishoreganj, Lakshmipur, Noakhali, Patuakhali, Pirojpur, Satkhira (Adm2)."
2019,Hydrological,Flood,,"Kurigram, Gaibandha, Lalmonirhat, Chattogram, Bandarban, Rangamati, Sylhet, Sunamganj, Bogura, Nilphamari, Khagrachari, Cox’s Bazar, Feni, Netrokona, Sirajganj, Jamalpur, Tangail, Moulavibazar, Habiganj, Sherpur, Brahmanbaria, Chandpur, Faridpur, Madaripur, Manikganj, Munshiganj, Rajbari, Shariatpur districts",Monsoon rains,notgiven,Km2,2019,6.0,notgiven,2019,7.0,28.0,114.0,notgiven,7600000.0,7600000.0,87.3580067738847,2,"Bogra, Brahamanbaria, Chandpur, Cox's Bazar, Faridpur, Feni, Habiganj, Jamalpur, Khagrachhari, Madaripur, Manikganj, Maulvibazar, Munshiganj, Netrakona, Nilphamari, Rajbari, Shariatpur, Sherpur, Sirajganj, Sunamganj, Tangail (Adm2)."
2019,Meteorological,Storm,Tropical cyclone,"Satkhira, Khulna, Bhola, Bagerhat,Patuakhlai, Barguna, Pirojpur districts",notgiven,130.0,Kph,2019,11.0,9.0,2019,11.0,10.0,40.0,71.0,251435.0,251506.0,87.3580067738847,2,"Bagerhat, Barguna, Bhola, Khulna, Patuakhali, Pirojpur, Satkhira (Adm2)."
2019,Meteorological,Extreme temperature,Cold wave,"Chuadanga, Dinajpur, Panchagarh, Rajshahi, Pabna, Naogaon, Nilphamari, Jessore, Kurigramare districts",notgiven,8.0,°C,2019,11.0,notgiven,2019,12.0,,50.0,4500.0,notgiven,4500.0,87.3580067738847,2,"Chuadanga, Dinajpur, Jessore, Kurigram, Naogaon, Nilphamari, Pabna, Panchagarh, Rajshahi (Adm2)."
2020,Hydrological,Flood,,"Jamalpur, Kurigram, Gaibandha, Tangail, Sylhet, Sirajganj, Bogura, Sunamganj, Sherpur, Netrokona, Lalmonirhat, Moulovi Bazar, Faridpur, Manikganj, Nilphamari Chapai Nawabganj, Rajbari and Kushtia",Monsoonal rains,notgiven,Km2,2020,6.0,15.0,2020,9.0,30.0,257.0,notgiven,5448271.0,5448271.0,88.4356408059336,1;2,"Sylhet (Adm1). Bogra, Faridpur, Gaibandha, Jamalpur, Kurigram, Kushtia, Lalmonirhat, Manikganj, Netrakona, Nilphamari, Rajbari, Sherpur, Sirajganj, Tangail (Adm2)."
2020,Meteorological,Storm,Tropical cyclone,"Cox's Bazar; Satkhira, Jashore, Khulna, Barguna, Bagerhat, Patuakhali, Bhola, Pirojpur districts",notgiven,notgiven,Kph,2020,5.0,20.0,2020,5.0,20.0,26.0,notgiven,2600000.0,2600000.0,88.4356408059336,1;2,Khulna (Adm1). Cox's Bazar (Adm2).
2021,Hydrological,Flood,,Cox’s Bazar,Heavy rains,notgiven,Km2,2021,7.0,27.0,2021,8.0,3.0,21.0,notgiven,268744.0,268744.0,92.5901929309929,2,Cox's Bazar (Adm2).
2021,Meteorological,Storm,Tropical cyclone,"Bhola, Patuakhali, Sathkira, Bagerhat, Barguna, Khulna, Jhalokathi, Barisal and Pirojpur",notgiven,150.0,Kph,2021,5.0,25.0,2021,5.0,29.0,3.0,notgiven,1300000.0,1300000.0,92.5901929309929,2,"Bagerhat, Barguna, Bhola, Jhalokati, Patuakhali, Pirojpur, Satkhira (Adm2)."
2022,Meteorological,Storm,Tropical cyclone,"Chittagong, Barisal",notgiven,95.0,Kph,2022,10.0,24.0,2022,10.0,25.0,35.0,notgiven,1000000.0,1000000.0,100.0,1,"Barisal, Chittagong (Adm1)."
2022,Hydrological,Flood,,"Shariatpur & Madaripur districts ; Kurigram, Gaibandha, Lalmonirhat, Nilphamari, Bogra, Jamalpur, and Sirajganj (Sylhet division); Zakigonj, Gowainghat, Jaintapur, Companiganj, Kurigram, Gaibandha, Rangpur, Lalmonirhat, Nilphamari, Bogra, Jamalpur, SirajganjDistricts (Sylhet Division); Sunamganj",Heavy rains,notgiven,Km2,2022,5.0,17.0,2022,9.0,30.0,141.0,notgiven,7200000.0,7200000.0,100.0,2,"Bogra, Gaibandha, Jamalpur, Kurigram, Lalmonirhat, Madaripur, Nilphamari, Shariatpur, Sirajganj (Adm2)."
